{
  "learning_rate": 0.0007770083336782091,
  "weight_decay": 0.0008612501661064982,
  "dropout": 0.20282581727820415,
  "out_channels1": 16,
  "out_channels2": 16,
  "kernel_size": 3,
  "fc1_size": 128
}