{
  "learning_rate": 0.0010645853260179356,
  "weight_decay": 0.00023589084646303364,
  "dropout": 0.3183639220210174,
  "out_channels1": 8,
  "out_channels2": 32,
  "kernel_size": 7,
  "fc1_size": 128
}