{
  "learning_rate": 0.0005828144366495869,
  "weight_decay": 5.28576066954681e-05,
  "dropout": 0.2801978566742196,
  "out_channels1": 8,
  "out_channels2": 32,
  "kernel_size": 3,
  "fc1_size": 128
}