target,num_links,links_description
V1,2,"(V1 -1): p=0.00000, val=0.908; (V6 -4): p=0.00004, val=0.190"
V2,2,"(V2 -1): p=0.00000, val=0.839; (V2 -2): p=0.00001, val=-0.205"
V3,1,"(V3 -1): p=0.00000, val=0.797"
V4,2,"(V4 -1): p=0.00000, val=0.796; (V4 -4): p=0.00005, val=-0.186"
V5,12,"(V5 -1): p=0.00000, val=0.943; (V1 -5): p=0.00000, val=0.349; (V1 -4): p=0.00000, val=0.348; (V1 -3): p=0.00000, val=0.309; (V6 -5): p=0.00000, val=0.271; (V5 -5): p=0.00000, val=-0.249; (V1 -2): p=0.00000, val=0.231; (V6 -3): p=0.00001, val=0.204; (V1 -1): p=0.00001, val=0.202; (V6 -1): p=0.00001, val=0.202; (V6 -4): p=0.00002, val=0.196; (V6 -2): p=0.00004, val=0.189"
V6,2,"(V6 -1): p=0.00000, val=0.831; (V1 -1): p=0.00001, val=0.203"
